ALTER TABLE Family
ADD address_id decimal(12);

UPDATE Family
SET address_id = 147
WHERE family_id > 605;

UPDATE Family 
SET address_id = 19
WHERE family_id IN(603,604,605);

UPDATE Family
SET address_id = 89
WHERE family_id < 603;

ALTER TABLE Family
DROP CONSTRAINT church_state_fk;

ALTER TABLE Family
DROP COLUMN family_zip;

ALTER TABLE Family
ADD FOREIGN KEY (address_id) REFERENCES Zip_code(zip_id)
GO

CREATE TABLE City (
city_id DECIMAL(12) NOT NULL PRIMARY KEY,
city_name VARCHAR(255)
);
GO

INSERT INTO City (city_id,city_name) VALUES (1,'Amston');
INSERT INTO City (city_id,city_name) VALUES (2,'Andover');
INSERT INTO City (city_id,city_name) VALUES (3,'Ansonia');
INSERT INTO City (city_id,city_name) VALUES (4,'Ashford');
INSERT INTO City (city_id,city_name) VALUES (5,'Avon');
INSERT INTO City (city_id,city_name) VALUES (6,'Baltic');
INSERT INTO City (city_id,city_name) VALUES (7,'Bantam');
INSERT INTO City (city_id,city_name) VALUES (8,'Barkhamsted');
INSERT INTO City (city_id,city_name) VALUES (9,'Beacon Falls');
INSERT INTO City (city_id,city_name) VALUES (10,'Berlin');
INSERT INTO City (city_id,city_name) VALUES (11,'Bethany');
INSERT INTO City (city_id,city_name) VALUES (12,'Bethel');
INSERT INTO City (city_id,city_name) VALUES (13,'Bethlehem');
INSERT INTO City (city_id,city_name) VALUES (14,'Bloomfield');
INSERT INTO City (city_id,city_name) VALUES (15,'Bolton');
INSERT INTO City (city_id,city_name) VALUES (16,'Bozrah');
INSERT INTO City (city_id,city_name) VALUES (17,'Branford');
INSERT INTO City (city_id,city_name) VALUES (18,'Bridgeport');
INSERT INTO City (city_id,city_name) VALUES (19,'Bridgewater');
INSERT INTO City (city_id,city_name) VALUES (20,'Bristol');
INSERT INTO City (city_id,city_name) VALUES (21,'Broad Brook');
INSERT INTO City (city_id,city_name) VALUES (22,'Brookfield');
INSERT INTO City (city_id,city_name) VALUES (23,'Brooklyn');
INSERT INTO City (city_id,city_name) VALUES (24,'Burlington');
INSERT INTO City (city_id,city_name) VALUES (25,'Canaan');
INSERT INTO City (city_id,city_name) VALUES (26,'Canterbury');
INSERT INTO City (city_id,city_name) VALUES (27,'Canton');
INSERT INTO City (city_id,city_name) VALUES (28,'Canton Center');
INSERT INTO City (city_id,city_name) VALUES (29,'Centerbrook');
INSERT INTO City (city_id,city_name) VALUES (30,'Central Village');
INSERT INTO City (city_id,city_name) VALUES (31,'Chaplin');
INSERT INTO City (city_id,city_name) VALUES (32,'Cheshire');
INSERT INTO City (city_id,city_name) VALUES (33,'Chester');
INSERT INTO City (city_id,city_name) VALUES (34,'Clinton');
INSERT INTO City (city_id,city_name) VALUES (35,'Cobalt');
INSERT INTO City (city_id,city_name) VALUES (36,'Colchester');
INSERT INTO City (city_id,city_name) VALUES (37,'Colebrook');
INSERT INTO City (city_id,city_name) VALUES (38,'Collinsville');
INSERT INTO City (city_id,city_name) VALUES (39,'Columbia');
INSERT INTO City (city_id,city_name) VALUES (40,'Cornwall Bridge');
INSERT INTO City (city_id,city_name) VALUES (41,'Cos Cob');
INSERT INTO City (city_id,city_name) VALUES (42,'Coventry');
INSERT INTO City (city_id,city_name) VALUES (43,'Cromwell');
INSERT INTO City (city_id,city_name) VALUES (44,'Danbury');
INSERT INTO City (city_id,city_name) VALUES (45,'Danielson');
INSERT INTO City (city_id,city_name) VALUES (46,'Darien');
INSERT INTO City (city_id,city_name) VALUES (47,'Dayville');
INSERT INTO City (city_id,city_name) VALUES (48,'Deep River');
INSERT INTO City (city_id,city_name) VALUES (49,'Derby');
INSERT INTO City (city_id,city_name) VALUES (50,'Durham');
INSERT INTO City (city_id,city_name) VALUES (51,'East Berlin');
INSERT INTO City (city_id,city_name) VALUES (52,'East Canaan');
INSERT INTO City (city_id,city_name) VALUES (53,'East Granby');
INSERT INTO City (city_id,city_name) VALUES (54,'East Haddam');
INSERT INTO City (city_id,city_name) VALUES (55,'East Hampton');
INSERT INTO City (city_id,city_name) VALUES (56,'East Hartford');
INSERT INTO City (city_id,city_name) VALUES (57,'East Hartland');
INSERT INTO City (city_id,city_name) VALUES (58,'East Haven');
INSERT INTO City (city_id,city_name) VALUES (59,'East Killingly');
INSERT INTO City (city_id,city_name) VALUES (60,'East Lyme');
INSERT INTO City (city_id,city_name) VALUES (61,'East Windsor');
INSERT INTO City (city_id,city_name) VALUES (62,'Eastford');
INSERT INTO City (city_id,city_name) VALUES (63,'Easton');
INSERT INTO City (city_id,city_name) VALUES (64,'Ellington');
INSERT INTO City (city_id,city_name) VALUES (65,'Enfield');
INSERT INTO City (city_id,city_name) VALUES (66,'Essex');
INSERT INTO City (city_id,city_name) VALUES (67,'Fairfield');
INSERT INTO City (city_id,city_name) VALUES (68,'Falls Village');
INSERT INTO City (city_id,city_name) VALUES (69,'Farmington');
INSERT INTO City (city_id,city_name) VALUES (70,'Gales Ferry');
INSERT INTO City (city_id,city_name) VALUES (71,'Gaylordsville');
INSERT INTO City (city_id,city_name) VALUES (72,'Gilman');
INSERT INTO City (city_id,city_name) VALUES (73,'Glastonbury');
INSERT INTO City (city_id,city_name) VALUES (74,'Goshen');
INSERT INTO City (city_id,city_name) VALUES (75,'Granby');
INSERT INTO City (city_id,city_name) VALUES (76,'Greenwich');
INSERT INTO City (city_id,city_name) VALUES (77,'Groton');
INSERT INTO City (city_id,city_name) VALUES (78,'Guilford');
INSERT INTO City (city_id,city_name) VALUES (79,'Haddam');
INSERT INTO City (city_id,city_name) VALUES (80,'Hamden');
INSERT INTO City (city_id,city_name) VALUES (81,'Hampton');
INSERT INTO City (city_id,city_name) VALUES (82,'Hanover');
INSERT INTO City (city_id,city_name) VALUES (83,'Hartford');
INSERT INTO City (city_id,city_name) VALUES (84,'Harwinton');
INSERT INTO City (city_id,city_name) VALUES (85,'Hebron');
INSERT INTO City (city_id,city_name) VALUES (86,'Higganum');
INSERT INTO City (city_id,city_name) VALUES (87,'Ivoryton');
INSERT INTO City (city_id,city_name) VALUES (88,'Jewett City');
INSERT INTO City (city_id,city_name) VALUES (89,'Kent');
INSERT INTO City (city_id,city_name) VALUES (90,'Killingworth');
INSERT INTO City (city_id,city_name) VALUES (91,'Lakeside');
INSERT INTO City (city_id,city_name) VALUES (92,'Lakeville');
INSERT INTO City (city_id,city_name) VALUES (93,'Lebanon');
INSERT INTO City (city_id,city_name) VALUES (94,'Ledyard');
INSERT INTO City (city_id,city_name) VALUES (95,'Litchfield');
INSERT INTO City (city_id,city_name) VALUES (96,'Madison');
INSERT INTO City (city_id,city_name) VALUES (97,'Manchester');
INSERT INTO City (city_id,city_name) VALUES (98,'Mansfield Center');
INSERT INTO City (city_id,city_name) VALUES (99,'Marion');
INSERT INTO City (city_id,city_name) VALUES (100,'Marlborough');
INSERT INTO City (city_id,city_name) VALUES (101,'Meriden');
INSERT INTO City (city_id,city_name) VALUES (102,'Middle Haddam');
INSERT INTO City (city_id,city_name) VALUES (103,'Middlebury');
INSERT INTO City (city_id,city_name) VALUES (104,'Middlefield');
INSERT INTO City (city_id,city_name) VALUES (105,'Middletown');
INSERT INTO City (city_id,city_name) VALUES (106,'Milford');
INSERT INTO City (city_id,city_name) VALUES (107,'Milldale');
INSERT INTO City (city_id,city_name) VALUES (108,'Monroe');
INSERT INTO City (city_id,city_name) VALUES (109,'Montville');
INSERT INTO City (city_id,city_name) VALUES (110,'Moodus');
INSERT INTO City (city_id,city_name) VALUES (111,'Moosup');
INSERT INTO City (city_id,city_name) VALUES (112,'Morris');
INSERT INTO City (city_id,city_name) VALUES (113,'Mystic');
INSERT INTO City (city_id,city_name) VALUES (114,'Naugatuck');
INSERT INTO City (city_id,city_name) VALUES (115,'New Britain');
INSERT INTO City (city_id,city_name) VALUES (116,'New Canaan');
INSERT INTO City (city_id,city_name) VALUES (117,'New Fairfield');
INSERT INTO City (city_id,city_name) VALUES (118,'New Hartford');
INSERT INTO City (city_id,city_name) VALUES (119,'New Haven');
INSERT INTO City (city_id,city_name) VALUES (120,'New London');
INSERT INTO City (city_id,city_name) VALUES (121,'New Milford');
INSERT INTO City (city_id,city_name) VALUES (122,'New Preston Marble Dale');
INSERT INTO City (city_id,city_name) VALUES (123,'Newington');
INSERT INTO City (city_id,city_name) VALUES (124,'Newtown');
INSERT INTO City (city_id,city_name) VALUES (125,'Niantic');
INSERT INTO City (city_id,city_name) VALUES (126,'Norfolk');
INSERT INTO City (city_id,city_name) VALUES (127,'North Branford');
INSERT INTO City (city_id,city_name) VALUES (128,'North Canton');
INSERT INTO City (city_id,city_name) VALUES (129,'North Franklin');
INSERT INTO City (city_id,city_name) VALUES (130,'North Granby');
INSERT INTO City (city_id,city_name) VALUES (131,'North Grosvenordale');
INSERT INTO City (city_id,city_name) VALUES (132,'North Haven');
INSERT INTO City (city_id,city_name) VALUES (133,'North Stonington');
INSERT INTO City (city_id,city_name) VALUES (134,'North Windham');
INSERT INTO City (city_id,city_name) VALUES (135,'Northfield');
INSERT INTO City (city_id,city_name) VALUES (136,'Northford');
INSERT INTO City (city_id,city_name) VALUES (137,'Norwalk');
INSERT INTO City (city_id,city_name) VALUES (138,'Norwich');
INSERT INTO City (city_id,city_name) VALUES (139,'Oakdale');
INSERT INTO City (city_id,city_name) VALUES (140,'Oakville');
INSERT INTO City (city_id,city_name) VALUES (141,'Old Greenwich');
INSERT INTO City (city_id,city_name) VALUES (142,'Old Lyme');
INSERT INTO City (city_id,city_name) VALUES (143,'Old Saybrook');
INSERT INTO City (city_id,city_name) VALUES (144,'Oneco');
INSERT INTO City (city_id,city_name) VALUES (145,'Orange');
INSERT INTO City (city_id,city_name) VALUES (146,'Oxford');
INSERT INTO City (city_id,city_name) VALUES (147,'Pawcatuck');
INSERT INTO City (city_id,city_name) VALUES (148,'Pine Meadow');
INSERT INTO City (city_id,city_name) VALUES (149,'Plainfield');
INSERT INTO City (city_id,city_name) VALUES (150,'Plainville');
INSERT INTO City (city_id,city_name) VALUES (151,'Plantsville');
INSERT INTO City (city_id,city_name) VALUES (152,'Plymouth');
INSERT INTO City (city_id,city_name) VALUES (153,'Pomfret Center');
INSERT INTO City (city_id,city_name) VALUES (154,'Portland');
INSERT INTO City (city_id,city_name) VALUES (155,'Preston');
INSERT INTO City (city_id,city_name) VALUES (156,'Prospect');
INSERT INTO City (city_id,city_name) VALUES (157,'Putnam');
INSERT INTO City (city_id,city_name) VALUES (158,'Quaker Hill');
INSERT INTO City (city_id,city_name) VALUES (159,'Quinebaug');
INSERT INTO City (city_id,city_name) VALUES (160,'Redding');
INSERT INTO City (city_id,city_name) VALUES (161,'Ridgefield');
INSERT INTO City (city_id,city_name) VALUES (162,'Riverside');
INSERT INTO City (city_id,city_name) VALUES (163,'Riverton');
INSERT INTO City (city_id,city_name) VALUES (164,'Rockfall');
INSERT INTO City (city_id,city_name) VALUES (165,'Rocky Hill');
INSERT INTO City (city_id,city_name) VALUES (166,'Rogers');
INSERT INTO City (city_id,city_name) VALUES (167,'Roxbury');
INSERT INTO City (city_id,city_name) VALUES (168,'Salem');
INSERT INTO City (city_id,city_name) VALUES (169,'Salisbury');
INSERT INTO City (city_id,city_name) VALUES (170,'Sandy Hook');
INSERT INTO City (city_id,city_name) VALUES (171,'Scotland');
INSERT INTO City (city_id,city_name) VALUES (172,'Seymour');
INSERT INTO City (city_id,city_name) VALUES (173,'Sharon');
INSERT INTO City (city_id,city_name) VALUES (174,'Shelton');
INSERT INTO City (city_id,city_name) VALUES (175,'Sherman');
INSERT INTO City (city_id,city_name) VALUES (176,'Simsbury');
INSERT INTO City (city_id,city_name) VALUES (177,'Somers');
INSERT INTO City (city_id,city_name) VALUES (178,'South Glastonbury');
INSERT INTO City (city_id,city_name) VALUES (179,'South Kent');
INSERT INTO City (city_id,city_name) VALUES (180,'South Lyme');
INSERT INTO City (city_id,city_name) VALUES (181,'South Windham');
INSERT INTO City (city_id,city_name) VALUES (182,'South Windsor');
INSERT INTO City (city_id,city_name) VALUES (183,'Southbury');
INSERT INTO City (city_id,city_name) VALUES (184,'Southington');
INSERT INTO City (city_id,city_name) VALUES (185,'Southport');
INSERT INTO City (city_id,city_name) VALUES (186,'Stafford Springs');
INSERT INTO City (city_id,city_name) VALUES (187,'Stamford');
INSERT INTO City (city_id,city_name) VALUES (188,'Sterling');
INSERT INTO City (city_id,city_name) VALUES (189,'Stonington');
INSERT INTO City (city_id,city_name) VALUES (190,'Storrs Mansfield');
INSERT INTO City (city_id,city_name) VALUES (191,'Stratford');
INSERT INTO City (city_id,city_name) VALUES (192,'Suffield');
INSERT INTO City (city_id,city_name) VALUES (193,'Taftville');
INSERT INTO City (city_id,city_name) VALUES (194,'Tariffville');
INSERT INTO City (city_id,city_name) VALUES (195,'Terryville');
INSERT INTO City (city_id,city_name) VALUES (196,'Thomaston');
INSERT INTO City (city_id,city_name) VALUES (197,'Thompson');
INSERT INTO City (city_id,city_name) VALUES (198,'Tolland');
INSERT INTO City (city_id,city_name) VALUES (199,'Torrington');
INSERT INTO City (city_id,city_name) VALUES (200,'Trumbull');
INSERT INTO City (city_id,city_name) VALUES (201,'Uncasville');
INSERT INTO City (city_id,city_name) VALUES (202,'Unionville');
INSERT INTO City (city_id,city_name) VALUES (203,'Vernon Rockville');
INSERT INTO City (city_id,city_name) VALUES (204,'Voluntown');
INSERT INTO City (city_id,city_name) VALUES (205,'Wallingford');
INSERT INTO City (city_id,city_name) VALUES (206,'Washington');
INSERT INTO City (city_id,city_name) VALUES (207,'Washington Depot');
INSERT INTO City (city_id,city_name) VALUES (208,'Waterbury');
INSERT INTO City (city_id,city_name) VALUES (209,'Waterford');
INSERT INTO City (city_id,city_name) VALUES (210,'Watertown');
INSERT INTO City (city_id,city_name) VALUES (211,'Wauregan');
INSERT INTO City (city_id,city_name) VALUES (212,'Weatogue');
INSERT INTO City (city_id,city_name) VALUES (213,'West Cornwall');
INSERT INTO City (city_id,city_name) VALUES (214,'West Granby');
INSERT INTO City (city_id,city_name) VALUES (215,'West Hartford');
INSERT INTO City (city_id,city_name) VALUES (216,'West Hartland');
INSERT INTO City (city_id,city_name) VALUES (217,'West Haven');
INSERT INTO City (city_id,city_name) VALUES (218,'West Simsbury');
INSERT INTO City (city_id,city_name) VALUES (219,'West Suffield');
INSERT INTO City (city_id,city_name) VALUES (220,'Westbrook');
INSERT INTO City (city_id,city_name) VALUES (221,'Weston');
INSERT INTO City (city_id,city_name) VALUES (222,'Westport');
INSERT INTO City (city_id,city_name) VALUES (223,'Wethersfield');
INSERT INTO City (city_id,city_name) VALUES (224,'Willimantic');
INSERT INTO City (city_id,city_name) VALUES (225,'Willington');
INSERT INTO City (city_id,city_name) VALUES (226,'Wilton');
INSERT INTO City (city_id,city_name) VALUES (227,'Windham');
INSERT INTO City (city_id,city_name) VALUES (228,'Windsor');
INSERT INTO City (city_id,city_name) VALUES (229,'Windsor Locks');
INSERT INTO City (city_id,city_name) VALUES (230,'Winsted');
INSERT INTO City (city_id,city_name) VALUES (231,'Wolcott');
INSERT INTO City (city_id,city_name) VALUES (232,'Woodbridge');
INSERT INTO City (city_id,city_name) VALUES (233,'Woodbury');
INSERT INTO City (city_id,city_name) VALUES (234,'Woodstock');
INSERT INTO City (city_id,city_name) VALUES (235,'Woodstock Valley');
INSERT INTO City (city_id,city_name) VALUES (236,'Yantic');
GO

CREATE TABLE Zip_code (
zip_id DECIMAL(12) NOT NULL PRIMARY KEY,
zip_code DECIMAL(12) NOT NULL,
city_id DECIMAL(12) NOT NULL,
state_id DECIMAL(6) NOT NULL,
FOREIGN KEY (city_id) REFERENCES City(city_id),
FOREIGN KEY (state_id) REFERENCES States(state_id)
);
GO

INSERT INTO Zip_code (zip_id,zip_code,city_id,state_id) VALUES (1, 6019, 27, 7);
INSERT INTO Zip_code (zip_id,zip_code,city_id,state_id) VALUES (2, 6020, 28, 7);
INSERT INTO Zip_code (zip_id,zip_code,city_id,state_id) VALUES (3, 6022, 38, 7);
INSERT INTO Zip_code (zip_id,zip_code,city_id,state_id) VALUES (4, 6023, 51, 7);
INSERT INTO Zip_code (zip_id,zip_code,city_id,state_id) VALUES (5, 6026, 53, 7);
INSERT INTO Zip_code (zip_id,zip_code,city_id,state_id) VALUES (6, 6029, 64, 7);
INSERT INTO Zip_code (zip_id,zip_code,city_id,state_id) VALUES (7, 6031, 68, 7);
INSERT INTO Zip_code (zip_id,zip_code,city_id,state_id) VALUES (8, 6033, 73, 7);
INSERT INTO Zip_code (zip_id,zip_code,city_id,state_id) VALUES (9, 6035, 75, 7);
INSERT INTO Zip_code (zip_id,zip_code,city_id,state_id) VALUES (10, 6040, 97, 7);
INSERT INTO Zip_code (zip_id,zip_code,city_id,state_id) VALUES (11, 6042, 97, 7);
INSERT INTO Zip_code (zip_id,zip_code,city_id,state_id) VALUES (12, 6043, 15, 7);
INSERT INTO Zip_code (zip_id,zip_code,city_id,state_id) VALUES (13, 6051, 115, 7);
INSERT INTO Zip_code (zip_id,zip_code,city_id,state_id) VALUES (14, 6052, 115, 7);
INSERT INTO Zip_code (zip_id,zip_code,city_id,state_id) VALUES (15, 6057, 118, 7);
INSERT INTO Zip_code (zip_id,zip_code,city_id,state_id) VALUES (16, 6058, 126, 7);
INSERT INTO Zip_code (zip_id,zip_code,city_id,state_id) VALUES (17, 6060, 130, 7);
INSERT INTO Zip_code (zip_id,zip_code,city_id,state_id) VALUES (18, 6063, 8, 7);
INSERT INTO Zip_code (zip_id,zip_code,city_id,state_id) VALUES (19, 6065, 163, 7);
INSERT INTO Zip_code (zip_id,zip_code,city_id,state_id) VALUES (20, 6066, 203, 7);
INSERT INTO Zip_code (zip_id,zip_code,city_id,state_id) VALUES (21, 6067, 165, 7);
INSERT INTO Zip_code (zip_id,zip_code,city_id,state_id) VALUES (22, 6069, 173, 7);
INSERT INTO Zip_code (zip_id,zip_code,city_id,state_id) VALUES (23, 6073, 178, 7);
INSERT INTO Zip_code (zip_id,zip_code,city_id,state_id) VALUES (24, 6074, 182, 7);
INSERT INTO Zip_code (zip_id,zip_code,city_id,state_id) VALUES (25, 6078, 192, 7);
INSERT INTO Zip_code (zip_id,zip_code,city_id,state_id) VALUES (26, 6081, 194, 7);
INSERT INTO Zip_code (zip_id,zip_code,city_id,state_id) VALUES (27, 6084, 198, 7);
INSERT INTO Zip_code (zip_id,zip_code,city_id,state_id) VALUES (28, 6085, 202, 7);
INSERT INTO Zip_code (zip_id,zip_code,city_id,state_id) VALUES (29, 6089, 212, 7);
INSERT INTO Zip_code (zip_id,zip_code,city_id,state_id) VALUES (30, 6090, 214, 7);
INSERT INTO Zip_code (zip_id,zip_code,city_id,state_id) VALUES (31, 6092, 218, 7);
INSERT INTO Zip_code (zip_id,zip_code,city_id,state_id) VALUES (32, 6093, 219, 7);
INSERT INTO Zip_code (zip_id,zip_code,city_id,state_id) VALUES (33, 6096, 229, 7);
INSERT INTO Zip_code (zip_id,zip_code,city_id,state_id) VALUES (34, 6098, 230, 7);
INSERT INTO Zip_code (zip_id,zip_code,city_id,state_id) VALUES (35, 6105, 83, 7);
INSERT INTO Zip_code (zip_id,zip_code,city_id,state_id) VALUES (36, 6106, 83, 7);
INSERT INTO Zip_code (zip_id,zip_code,city_id,state_id) VALUES (37, 6108, 56, 7);
INSERT INTO Zip_code (zip_id,zip_code,city_id,state_id) VALUES (38, 6110, 215, 7);
INSERT INTO Zip_code (zip_id,zip_code,city_id,state_id) VALUES (39, 6112, 83, 7);
INSERT INTO Zip_code (zip_id,zip_code,city_id,state_id) VALUES (40, 6118, 56, 7);
INSERT INTO Zip_code (zip_id,zip_code,city_id,state_id) VALUES (41, 6120, 83, 7);
INSERT INTO Zip_code (zip_id,zip_code,city_id,state_id) VALUES (42, 6226, 224, 7);
INSERT INTO Zip_code (zip_id,zip_code,city_id,state_id) VALUES (43, 6232, 2, 7);
INSERT INTO Zip_code (zip_id,zip_code,city_id,state_id) VALUES (44, 6234, 23, 7);
INSERT INTO Zip_code (zip_id,zip_code,city_id,state_id) VALUES (45, 6235, 31, 7);
INSERT INTO Zip_code (zip_id,zip_code,city_id,state_id) VALUES (46, 6237, 39, 7);
INSERT INTO Zip_code (zip_id,zip_code,city_id,state_id) VALUES (47, 6238, 42, 7);
INSERT INTO Zip_code (zip_id,zip_code,city_id,state_id) VALUES (48, 6241, 47, 7);
INSERT INTO Zip_code (zip_id,zip_code,city_id,state_id) VALUES (49, 6242, 62, 7);
INSERT INTO Zip_code (zip_id,zip_code,city_id,state_id) VALUES (50, 6247, 81, 7);
INSERT INTO Zip_code (zip_id,zip_code,city_id,state_id) VALUES (51, 6248, 85, 7);
INSERT INTO Zip_code (zip_id,zip_code,city_id,state_id) VALUES (52, 6250, 98, 7);
INSERT INTO Zip_code (zip_id,zip_code,city_id,state_id) VALUES (53, 6254, 129, 7);
INSERT INTO Zip_code (zip_id,zip_code,city_id,state_id) VALUES (54, 6255, 131, 7);
INSERT INTO Zip_code (zip_id,zip_code,city_id,state_id) VALUES (55, 6256, 134, 7);
INSERT INTO Zip_code (zip_id,zip_code,city_id,state_id) VALUES (56, 6260, 157, 7);
INSERT INTO Zip_code (zip_id,zip_code,city_id,state_id) VALUES (57, 6262, 159, 7);
INSERT INTO Zip_code (zip_id,zip_code,city_id,state_id) VALUES (58, 6263, 166, 7);
INSERT INTO Zip_code (zip_id,zip_code,city_id,state_id) VALUES (59, 6264, 171, 7);
INSERT INTO Zip_code (zip_id,zip_code,city_id,state_id) VALUES (60, 6269, 190, 7);
INSERT INTO Zip_code (zip_id,zip_code,city_id,state_id) VALUES (61, 6278, 4, 7);
INSERT INTO Zip_code (zip_id,zip_code,city_id,state_id) VALUES (62, 6280, 227, 7);
INSERT INTO Zip_code (zip_id,zip_code,city_id,state_id) VALUES (63, 6281, 234, 7);
INSERT INTO Zip_code (zip_id,zip_code,city_id,state_id) VALUES (64, 6282, 235, 7);
INSERT INTO Zip_code (zip_id,zip_code,city_id,state_id) VALUES (65, 6330, 6, 7);
INSERT INTO Zip_code (zip_id,zip_code,city_id,state_id) VALUES (66, 6331, 26, 7);
INSERT INTO Zip_code (zip_id,zip_code,city_id,state_id) VALUES (67, 6332, 30, 7);
INSERT INTO Zip_code (zip_id,zip_code,city_id,state_id) VALUES (68, 6333, 60, 7);
INSERT INTO Zip_code (zip_id,zip_code,city_id,state_id) VALUES (69, 6334, 16, 7);
INSERT INTO Zip_code (zip_id,zip_code,city_id,state_id) VALUES (70, 6335, 70, 7);
INSERT INTO Zip_code (zip_id,zip_code,city_id,state_id) VALUES (71, 6339, 94, 7);
INSERT INTO Zip_code (zip_id,zip_code,city_id,state_id) VALUES (72, 6350, 82, 7);
INSERT INTO Zip_code (zip_id,zip_code,city_id,state_id) VALUES (73, 6353, 109, 7);
INSERT INTO Zip_code (zip_id,zip_code,city_id,state_id) VALUES (74, 6354, 111, 7);
INSERT INTO Zip_code (zip_id,zip_code,city_id,state_id) VALUES (75, 6355, 113, 7);
INSERT INTO Zip_code (zip_id,zip_code,city_id,state_id) VALUES (76, 6357, 125, 7);
INSERT INTO Zip_code (zip_id,zip_code,city_id,state_id) VALUES (77, 6359, 133, 7);
INSERT INTO Zip_code (zip_id,zip_code,city_id,state_id) VALUES (78, 6365, 155, 7);
INSERT INTO Zip_code (zip_id,zip_code,city_id,state_id) VALUES (79, 6370, 139, 7);
INSERT INTO Zip_code (zip_id,zip_code,city_id,state_id) VALUES (80, 6371, 142, 7);
INSERT INTO Zip_code (zip_id,zip_code,city_id,state_id) VALUES (81, 6375, 158, 7);
INSERT INTO Zip_code (zip_id,zip_code,city_id,state_id) VALUES (82, 6376, 180, 7);
INSERT INTO Zip_code (zip_id,zip_code,city_id,state_id) VALUES (83, 6378, 189, 7);
INSERT INTO Zip_code (zip_id,zip_code,city_id,state_id) VALUES (84, 6379, 147, 7);
INSERT INTO Zip_code (zip_id,zip_code,city_id,state_id) VALUES (85, 6380, 193, 7);
INSERT INTO Zip_code (zip_id,zip_code,city_id,state_id) VALUES (86, 6384, 204, 7);
INSERT INTO Zip_code (zip_id,zip_code,city_id,state_id) VALUES (87, 6385, 209, 7);
INSERT INTO Zip_code (zip_id,zip_code,city_id,state_id) VALUES (88, 6401, 3, 7);
INSERT INTO Zip_code (zip_id,zip_code,city_id,state_id) VALUES (89, 6403, 9, 7);
INSERT INTO Zip_code (zip_id,zip_code,city_id,state_id) VALUES (90, 6409, 29, 7);
INSERT INTO Zip_code (zip_id,zip_code,city_id,state_id) VALUES (91, 6410, 32, 7);
INSERT INTO Zip_code (zip_id,zip_code,city_id,state_id) VALUES (92, 6412, 33, 7);
INSERT INTO Zip_code (zip_id,zip_code,city_id,state_id) VALUES (93, 6413, 34, 7);
INSERT INTO Zip_code (zip_id,zip_code,city_id,state_id) VALUES (94, 6415, 36, 7);
INSERT INTO Zip_code (zip_id,zip_code,city_id,state_id) VALUES (95, 6416, 43, 7);
INSERT INTO Zip_code (zip_id,zip_code,city_id,state_id) VALUES (96, 6417, 48, 7);
INSERT INTO Zip_code (zip_id,zip_code,city_id,state_id) VALUES (97, 6418, 49, 7);
INSERT INTO Zip_code (zip_id,zip_code,city_id,state_id) VALUES (98, 6419, 90, 7);
INSERT INTO Zip_code (zip_id,zip_code,city_id,state_id) VALUES (99, 6420, 168, 7);
INSERT INTO Zip_code (zip_id,zip_code,city_id,state_id) VALUES (100, 6424, 55, 7);
INSERT INTO Zip_code (zip_id,zip_code,city_id,state_id) VALUES (101, 6437, 78, 7);
INSERT INTO Zip_code (zip_id,zip_code,city_id,state_id) VALUES (102, 6441, 86, 7);
INSERT INTO Zip_code (zip_id,zip_code,city_id,state_id) VALUES (103, 6442, 87, 7);
INSERT INTO Zip_code (zip_id,zip_code,city_id,state_id) VALUES (104, 6443, 96, 7);
INSERT INTO Zip_code (zip_id,zip_code,city_id,state_id) VALUES (105, 6450, 101, 7);
INSERT INTO Zip_code (zip_id,zip_code,city_id,state_id) VALUES (106, 6456, 102, 7);
INSERT INTO Zip_code (zip_id,zip_code,city_id,state_id) VALUES (107, 6460, 106, 7);
INSERT INTO Zip_code (zip_id,zip_code,city_id,state_id) VALUES (108, 6468, 108, 7);
INSERT INTO Zip_code (zip_id,zip_code,city_id,state_id) VALUES (109, 6471, 127, 7);
INSERT INTO Zip_code (zip_id,zip_code,city_id,state_id) VALUES (110, 6472, 136, 7);
INSERT INTO Zip_code (zip_id,zip_code,city_id,state_id) VALUES (111, 6475, 143, 7);
INSERT INTO Zip_code (zip_id,zip_code,city_id,state_id) VALUES (112, 6478, 146, 7);
INSERT INTO Zip_code (zip_id,zip_code,city_id,state_id) VALUES (113, 6482, 170, 7);
INSERT INTO Zip_code (zip_id,zip_code,city_id,state_id) VALUES (114, 6483, 172, 7);
INSERT INTO Zip_code (zip_id,zip_code,city_id,state_id) VALUES (115, 6484, 174, 7);
INSERT INTO Zip_code (zip_id,zip_code,city_id,state_id) VALUES (116, 6488, 183, 7);
INSERT INTO Zip_code (zip_id,zip_code,city_id,state_id) VALUES (117, 6492, 205, 7);
INSERT INTO Zip_code (zip_id,zip_code,city_id,state_id) VALUES (118, 6498, 220, 7);
INSERT INTO Zip_code (zip_id,zip_code,city_id,state_id) VALUES (119, 6510, 119, 7);
INSERT INTO Zip_code (zip_id,zip_code,city_id,state_id) VALUES (120, 6511, 119, 7);
INSERT INTO Zip_code (zip_id,zip_code,city_id,state_id) VALUES (121, 6512, 58, 7);
INSERT INTO Zip_code (zip_id,zip_code,city_id,state_id) VALUES (122, 6513, 119, 7);
INSERT INTO Zip_code (zip_id,zip_code,city_id,state_id) VALUES (123, 6514, 80, 7);
INSERT INTO Zip_code (zip_id,zip_code,city_id,state_id) VALUES (124, 6515, 119, 7);
INSERT INTO Zip_code (zip_id,zip_code,city_id,state_id) VALUES (125, 6516, 217, 7);
INSERT INTO Zip_code (zip_id,zip_code,city_id,state_id) VALUES (126, 6517, 80, 7);
INSERT INTO Zip_code (zip_id,zip_code,city_id,state_id) VALUES (127, 6518, 80, 7);
INSERT INTO Zip_code (zip_id,zip_code,city_id,state_id) VALUES (128, 6524, 11, 7);
INSERT INTO Zip_code (zip_id,zip_code,city_id,state_id) VALUES (129, 6525, 232, 7);
INSERT INTO Zip_code (zip_id,zip_code,city_id,state_id) VALUES (130, 6604, 18, 7);
INSERT INTO Zip_code (zip_id,zip_code,city_id,state_id) VALUES (131, 6605, 18, 7);
INSERT INTO Zip_code (zip_id,zip_code,city_id,state_id) VALUES (132, 6606, 18, 7);
INSERT INTO Zip_code (zip_id,zip_code,city_id,state_id) VALUES (133, 6607, 18, 7);
INSERT INTO Zip_code (zip_id,zip_code,city_id,state_id) VALUES (134, 6608, 18, 7);
INSERT INTO Zip_code (zip_id,zip_code,city_id,state_id) VALUES (135, 6610, 18, 7);
INSERT INTO Zip_code (zip_id,zip_code,city_id,state_id) VALUES (136, 6614, 191, 7);
INSERT INTO Zip_code (zip_id,zip_code,city_id,state_id) VALUES (137, 6615, 191, 7);
INSERT INTO Zip_code (zip_id,zip_code,city_id,state_id) VALUES (138, 6702, 208, 7);
INSERT INTO Zip_code (zip_id,zip_code,city_id,state_id) VALUES (139, 6705, 208, 7);
INSERT INTO Zip_code (zip_id,zip_code,city_id,state_id) VALUES (140, 6706, 208, 7);
INSERT INTO Zip_code (zip_id,zip_code,city_id,state_id) VALUES (141, 6710, 208, 7);
INSERT INTO Zip_code (zip_id,zip_code,city_id,state_id) VALUES (142, 6712, 156, 7);
INSERT INTO Zip_code (zip_id,zip_code,city_id,state_id) VALUES (143, 6716, 231, 7);
INSERT INTO Zip_code (zip_id,zip_code,city_id,state_id) VALUES (144, 6750, 7, 7);
INSERT INTO Zip_code (zip_id,zip_code,city_id,state_id) VALUES (145, 6751, 13, 7);
INSERT INTO Zip_code (zip_id,zip_code,city_id,state_id) VALUES (146, 6752, 19, 7);
INSERT INTO Zip_code (zip_id,zip_code,city_id,state_id) VALUES (147, 6754, 40, 7);
INSERT INTO Zip_code (zip_id,zip_code,city_id,state_id) VALUES (148, 6756, 74, 7);
INSERT INTO Zip_code (zip_id,zip_code,city_id,state_id) VALUES (149, 6757, 89, 7);
INSERT INTO Zip_code (zip_id,zip_code,city_id,state_id) VALUES (150, 6758, 91, 7);
INSERT INTO Zip_code (zip_id,zip_code,city_id,state_id) VALUES (151, 6759, 95, 7);
INSERT INTO Zip_code (zip_id,zip_code,city_id,state_id) VALUES (152, 6762, 103, 7);
INSERT INTO Zip_code (zip_id,zip_code,city_id,state_id) VALUES (153, 6763, 112, 7);
INSERT INTO Zip_code (zip_id,zip_code,city_id,state_id) VALUES (154, 6770, 114, 7);
INSERT INTO Zip_code (zip_id,zip_code,city_id,state_id) VALUES (155, 6777, 122, 7);
INSERT INTO Zip_code (zip_id,zip_code,city_id,state_id) VALUES (156, 6778, 135, 7);
INSERT INTO Zip_code (zip_id,zip_code,city_id,state_id) VALUES (157, 6779, 140, 7);
INSERT INTO Zip_code (zip_id,zip_code,city_id,state_id) VALUES (158, 6785, 179, 7);
INSERT INTO Zip_code (zip_id,zip_code,city_id,state_id) VALUES (159, 6786, 195, 7);
INSERT INTO Zip_code (zip_id,zip_code,city_id,state_id) VALUES (160, 6787, 196, 7);
INSERT INTO Zip_code (zip_id,zip_code,city_id,state_id) VALUES (161, 6791, 84, 7);
INSERT INTO Zip_code (zip_id,zip_code,city_id,state_id) VALUES (162, 6793, 206, 7);
INSERT INTO Zip_code (zip_id,zip_code,city_id,state_id) VALUES (163, 6795, 210, 7);
INSERT INTO Zip_code (zip_id,zip_code,city_id,state_id) VALUES (164, 6801, 12, 7);
INSERT INTO Zip_code (zip_id,zip_code,city_id,state_id) VALUES (165, 6804, 22, 7);
INSERT INTO Zip_code (zip_id,zip_code,city_id,state_id) VALUES (166, 6807, 41, 7);
INSERT INTO Zip_code (zip_id,zip_code,city_id,state_id) VALUES (167, 6820, 46, 7);
INSERT INTO Zip_code (zip_id,zip_code,city_id,state_id) VALUES (168, 6824, 67, 7);
INSERT INTO Zip_code (zip_id,zip_code,city_id,state_id) VALUES (169, 6825, 67, 7);
INSERT INTO Zip_code (zip_id,zip_code,city_id,state_id) VALUES (170, 6830, 76, 7);
INSERT INTO Zip_code (zip_id,zip_code,city_id,state_id) VALUES (171, 6850, 137, 7);
INSERT INTO Zip_code (zip_id,zip_code,city_id,state_id) VALUES (172, 6851, 137, 7);
INSERT INTO Zip_code (zip_id,zip_code,city_id,state_id) VALUES (173, 6853, 137, 7);
INSERT INTO Zip_code (zip_id,zip_code,city_id,state_id) VALUES (174, 6854, 137, 7);
INSERT INTO Zip_code (zip_id,zip_code,city_id,state_id) VALUES (175, 6878, 162, 7);
INSERT INTO Zip_code (zip_id,zip_code,city_id,state_id) VALUES (176, 6880, 222, 7);
INSERT INTO Zip_code (zip_id,zip_code,city_id,state_id) VALUES (177, 6883, 221, 7);
INSERT INTO Zip_code (zip_id,zip_code,city_id,state_id) VALUES (178, 6890, 185, 7);
INSERT INTO Zip_code (zip_id,zip_code,city_id,state_id) VALUES (179, 6896, 160, 7);
INSERT INTO Zip_code (zip_id,zip_code,city_id,state_id) VALUES (180, 6905, 187, 7);
INSERT INTO Zip_code (zip_id,zip_code,city_id,state_id) VALUES (181, 6907, 187, 7);
GO

ALTER TABLE Family
ALTER COLUMN family_salutation varchar(50) NULL;

GO
INSERT INTO Family (church_id,home_phone,family_address,address_id,attending_since) VALUES (100, 5199742983, '1 Monica Avenue', 52, '2008-Aug-29');
INSERT INTO Family (church_id,home_phone,family_address,address_id,attending_since) VALUES (101, NULL, '7643 Schmedeman Park', 35, '2012-Sep-14');
INSERT INTO Family (church_id,home_phone,family_address,address_id,attending_since) VALUES (102, NULL, '54133 Shopko Point', 73, '2020-Jan-08');
INSERT INTO Family (church_id,home_phone,family_address,address_id,attending_since) VALUES (100, NULL, '56167 Londonderry Hill', 180, '2017-Jun-09');
INSERT INTO Family (church_id,home_phone,family_address,address_id,attending_since) VALUES (102, NULL, '129 Shasta Junction', 82, '2006-Jul-24');
INSERT INTO Family (church_id,home_phone,family_address,address_id,attending_since) VALUES (101, NULL, '8516 Northfield Parkway', 174, '2010-Feb-01');
INSERT INTO Family (church_id,home_phone,family_address,address_id,attending_since) VALUES (100, NULL, 'NULL', NULL, '2011-Mar-05');
INSERT INTO Family (church_id,home_phone,family_address,address_id,attending_since) VALUES (101, 8312919496, '07251 Welch Court', 107, '2015-Nov-16');
INSERT INTO Family (church_id,home_phone,family_address,address_id,attending_since) VALUES (102, 9057748987, 'NULL', NULL, '2016-Aug-08');
INSERT INTO Family (church_id,home_phone,family_address,address_id,attending_since) VALUES (100, NULL, '2 Loeprich Road', 10, '2017-Mar-21');
INSERT INTO Family (church_id,home_phone,family_address,address_id,attending_since) VALUES (100, NULL, '27 Bayside Avenue', 2, '2014-Nov-23');
INSERT INTO Family (church_id,home_phone,family_address,address_id,attending_since) VALUES (101, NULL, '267 Northland Crossing', 148, '2015-Jan-29');
INSERT INTO Family (church_id,home_phone,family_address,address_id,attending_since) VALUES (102, NULL, '26174 Steensland Road', 20, '2014-Feb-20');
INSERT INTO Family (church_id,home_phone,family_address,address_id,attending_since) VALUES (100, NULL, '72655 Melvin Street', 170, '2010-Sep-02');
INSERT INTO Family (church_id,home_phone,family_address,address_id,attending_since) VALUES (100, NULL, '7335 Killdeer Avenue', 141, '2016-Feb-09');
INSERT INTO Family (church_id,home_phone,family_address,address_id,attending_since) VALUES (101, 9552800660, '6 Riverside Place', 147, '2011-Dec-03');
INSERT INTO Family (church_id,home_phone,family_address,address_id,attending_since) VALUES (102, NULL, '90679 Manitowish Drive', 8, '2019-Jun-29');
INSERT INTO Family (church_id,home_phone,family_address,address_id,attending_since) VALUES (102, 3331120783, '02 Morning Street', 114, '2016-Jan-09');
INSERT INTO Family (church_id,home_phone,family_address,address_id,attending_since) VALUES (102, 3626871881, 'NULL', NULL, '2014-Apr-25');
INSERT INTO Family (church_id,home_phone,family_address,address_id,attending_since) VALUES (100, NULL, '6 Moulton Parkway', 91, '2007-Jun-23');
INSERT INTO Family (church_id,home_phone,family_address,address_id,attending_since) VALUES (101, 1137304657, '1 Lien Trail', 19, '2006-Oct-07');
INSERT INTO Family (church_id,home_phone,family_address,address_id,attending_since) VALUES (102, 3634979613, '50140 Amoth Lane', 120, '2007-Jan-30');
INSERT INTO Family (church_id,home_phone,family_address,address_id,attending_since) VALUES (102, 9109406086, '63285 Main Street', 124, '2018-Jan-22');
INSERT INTO Family (church_id,home_phone,family_address,address_id,attending_since) VALUES (102, NULL, 'NULL', NULL, '2018-Jun-12');
INSERT INTO Family (church_id,home_phone,family_address,address_id,attending_since) VALUES (101, NULL, 'NULL', NULL, '2018-Aug-04');
INSERT INTO Family (church_id,home_phone,family_address,address_id,attending_since) VALUES (101, NULL, '9 Mosinee Circle', 110, '2017-Apr-18');
INSERT INTO Family (church_id,home_phone,family_address,address_id,attending_since) VALUES (101, 7859221592, '11678 Grasskamp Road', 64, '2009-Sep-02');
INSERT INTO Family (church_id,home_phone,family_address,address_id,attending_since) VALUES (102, 3085374933, 'NULL', NULL, '2011-Sep-12');
INSERT INTO Family (church_id,home_phone,family_address,address_id,attending_since) VALUES (102, 7088676926, '6933 Maryland Alley', 11, '2019-Aug-18');
INSERT INTO Family (church_id,home_phone,family_address,address_id,attending_since) VALUES (100, 6554038147, 'NULL', NULL, '2015-Jul-13');
INSERT INTO Family (church_id,home_phone,family_address,address_id,attending_since) VALUES (101, NULL, '0942 Arapahoe Pass', 104, '2019-Mar-17');
INSERT INTO Family (church_id,home_phone,family_address,address_id,attending_since) VALUES (100, NULL, '994 Sugar Alley', 36, '2009-Sep-29');
INSERT INTO Family (church_id,home_phone,family_address,address_id,attending_since) VALUES (100, NULL, '2099 Dixon Circle', 21, '2007-Sep-09');
INSERT INTO Family (church_id,home_phone,family_address,address_id,attending_since) VALUES (102, 5106181353, '2106 Pepper Wood Junction', 118, '2007-Oct-01');
INSERT INTO Family (church_id,home_phone,family_address,address_id,attending_since) VALUES (102, 8236720621, 'NULL', NULL, '2009-Feb-22');
INSERT INTO Family (church_id,home_phone,family_address,address_id,attending_since) VALUES (100, NULL, '29 Warbler Circle', 133, '2015-Jun-07');
INSERT INTO Family (church_id,home_phone,family_address,address_id,attending_since) VALUES (100, 5938865895, '83 Shasta Park', 128, '2011-Jan-22');
INSERT INTO Family (church_id,home_phone,family_address,address_id,attending_since) VALUES (102, 4199981037, '07653 Paget Point', 101, '2013-Nov-07');
INSERT INTO Family (church_id,home_phone,family_address,address_id,attending_since) VALUES (101, 4697553835, '56520 Katie Park', 5, '2018-Sep-27');
INSERT INTO Family (church_id,home_phone,family_address,address_id,attending_since) VALUES (101, 2251389696, '6 Washington Drive', 135, '2009-Sep-27');
INSERT INTO Family (church_id,home_phone,family_address,address_id,attending_since) VALUES (100, 3091818211, 'NULL', NULL, '2012-Jan-01');
INSERT INTO Family (church_id,home_phone,family_address,address_id,attending_since) VALUES (100, NULL, '8041 Arizona Parkway', 136, '2010-May-04');
INSERT INTO Family (church_id,home_phone,family_address,address_id,attending_since) VALUES (102, 7119677806, '1558 Aberg Terrace', 123, '2012-Nov-01');
INSERT INTO Family (church_id,home_phone,family_address,address_id,attending_since) VALUES (100, NULL, '110 Comanche Avenue', 111, '2011-May-20');
INSERT INTO Family (church_id,home_phone,family_address,address_id,attending_since) VALUES (100, NULL, 'NULL', NULL, '2017-Jun-22');
INSERT INTO Family (church_id,home_phone,family_address,address_id,attending_since) VALUES (102, NULL, 'NULL', NULL, '2011-Feb-22');
INSERT INTO Family (church_id,home_phone,family_address,address_id,attending_since) VALUES (102, 5942325611, 'NULL', NULL, '2019-Dec-10');
INSERT INTO Family (church_id,home_phone,family_address,address_id,attending_since) VALUES (100, NULL, '2 Rutledge Court', 127, '2019-Aug-11');
INSERT INTO Family (church_id,home_phone,family_address,address_id,attending_since) VALUES (102, NULL, '72 Helena Trail', 45, '2012-Feb-26');
INSERT INTO Family (church_id,home_phone,family_address,address_id,attending_since) VALUES (100, NULL, '9714 Sachtjen Road', 145, '2011-Mar-18');
INSERT INTO Family (church_id,home_phone,family_address,address_id,attending_since) VALUES (101, 4245165645, '302 Quincy Parkway', 39, '2017-Apr-18');
INSERT INTO Family (church_id,home_phone,family_address,address_id,attending_since) VALUES (102, NULL, '83 Killdeer Park', 14, '2006-Aug-30');
INSERT INTO Family (church_id,home_phone,family_address,address_id,attending_since) VALUES (100, NULL, '067 Corscot Hill', 32, '2011-Feb-22');
INSERT INTO Family (church_id,home_phone,family_address,address_id,attending_since) VALUES (100, NULL, '63660 Meadow Valley Alley', 9, '2011-Aug-13');
INSERT INTO Family (church_id,home_phone,family_address,address_id,attending_since) VALUES (102, NULL, '0 Pawling Lane', 156, '2008-Sep-15');
INSERT INTO Family (church_id,home_phone,family_address,address_id,attending_since) VALUES (100, NULL, '1502 Nova Circle', 102, '2008-Aug-06');
INSERT INTO Family (church_id,home_phone,family_address,address_id,attending_since) VALUES (101, NULL, '93671 Farragut Place', 113, '2014-Aug-20');
INSERT INTO Family (church_id,home_phone,family_address,address_id,attending_since) VALUES (100, 8985141812, '9 Lillian Lane', 163, '2016-Jun-20');
INSERT INTO Family (church_id,home_phone,family_address,address_id,attending_since) VALUES (102, NULL, 'NULL', NULL, '2009-Apr-01');
INSERT INTO Family (church_id,home_phone,family_address,address_id,attending_since) VALUES (100, NULL, 'NULL', NULL, '2015-Oct-14');
INSERT INTO Family (church_id,home_phone,family_address,address_id,attending_since) VALUES (102, 4175206508, '51 Beilfuss Lane', 159, '2015-Apr-14');
INSERT INTO Family (church_id,home_phone,family_address,address_id,attending_since) VALUES (101, NULL, '463 Goodland Drive', 34, '2014-Jul-23');
INSERT INTO Family (church_id,home_phone,family_address,address_id,attending_since) VALUES (100, NULL, '11 Kedzie Center', 17, '2007-May-24');
INSERT INTO Family (church_id,home_phone,family_address,address_id,attending_since) VALUES (100, NULL, '368 Summer Ridge Hill', 37, '2006-Nov-21');
INSERT INTO Family (church_id,home_phone,family_address,address_id,attending_since) VALUES (102, 9323743621, '8 Harper Court', 26, '2011-Jan-02');
INSERT INTO Family (church_id,home_phone,family_address,address_id,attending_since) VALUES (101, 6139029586, '5 Melvin Circle', 171, '2018-Mar-25');
INSERT INTO Family (church_id,home_phone,family_address,address_id,attending_since) VALUES (100, NULL, 'NULL', NULL, '2014-Jun-25');
INSERT INTO Family (church_id,home_phone,family_address,address_id,attending_since) VALUES (102, 2849764344, 'NULL', NULL, '2012-Nov-18');
INSERT INTO Family (church_id,home_phone,family_address,address_id,attending_since) VALUES (101, NULL, '45 Cambridge Terrace', 109, '2019-Jul-31');
INSERT INTO Family (church_id,home_phone,family_address,address_id,attending_since) VALUES (100, NULL, '9 Heath Trail', 165, '2006-Jul-06');
INSERT INTO Family (church_id,home_phone,family_address,address_id,attending_since) VALUES (102, NULL, '6 Mifflin Drive', 47, '2012-Oct-05');
INSERT INTO Family (church_id,home_phone,family_address,address_id,attending_since) VALUES (101, 9297440522, '34 Waywood Parkway', 28, '2016-Jan-30');
INSERT INTO Family (church_id,home_phone,family_address,address_id,attending_since) VALUES (100, 9836719787, '3 Carberry Trail', 69, '2008-Apr-26');
INSERT INTO Family (church_id,home_phone,family_address,address_id,attending_since) VALUES (100, NULL, '063 John Wall Terrace', 170, '2015-Feb-03');
INSERT INTO Family (church_id,home_phone,family_address,address_id,attending_since) VALUES (101, 2233786431, '76269 Clarendon Place', 50, '2008-Mar-22');
INSERT INTO Family (church_id,home_phone,family_address,address_id,attending_since) VALUES (100, NULL, '103 Bluejay Trail', 112, '2014-Dec-08');
INSERT INTO Family (church_id,home_phone,family_address,address_id,attending_since) VALUES (102, NULL, '91 Huxley Alley', 70, '2014-Sep-28');
INSERT INTO Family (church_id,home_phone,family_address,address_id,attending_since) VALUES (101, 3274826398, 'NULL', NULL, '2006-Sep-24');
INSERT INTO Family (church_id,home_phone,family_address,address_id,attending_since) VALUES (100, NULL, '4 Pine View Parkway', 29, '2010-Oct-04');
INSERT INTO Family (church_id,home_phone,family_address,address_id,attending_since) VALUES (100, NULL, '5 Luster Pass', 44, '2018-Jun-04');
INSERT INTO Family (church_id,home_phone,family_address,address_id,attending_since) VALUES (102, 7433218107, 'NULL', NULL, '2015-Aug-12');
INSERT INTO Family (church_id,home_phone,family_address,address_id,attending_since) VALUES (100, 7153940770, '1 Kim Alley', 85, '2013-Mar-02');
INSERT INTO Family (church_id,home_phone,family_address,address_id,attending_since) VALUES (102, NULL, '8888 Sycamore Hill', 134, '2012-Jun-24');
INSERT INTO Family (church_id,home_phone,family_address,address_id,attending_since) VALUES (100, 7872040319, '8 Debra Place', 136, '2013-Sep-05');
INSERT INTO Family (church_id,home_phone,family_address,address_id,attending_since) VALUES (102, NULL, '037 Corry Court', 102, '2011-Feb-22');
INSERT INTO Family (church_id,home_phone,family_address,address_id,attending_since) VALUES (101, NULL, '3401 Utah Plaza', 136, '2016-Jan-19');
INSERT INTO Family (church_id,home_phone,family_address,address_id,attending_since) VALUES (101, 4416211648, '41 Badeau Trail', 42, '2011-Jul-21');
INSERT INTO Family (church_id,home_phone,family_address,address_id,attending_since) VALUES (101, 3594398910, '91 Moose Court', 51, '2007-Mar-23');
INSERT INTO Family (church_id,home_phone,family_address,address_id,attending_since) VALUES (100, NULL, '8 Harbort Street', 40, '2014-Sep-20');
INSERT INTO Family (church_id,home_phone,family_address,address_id,attending_since) VALUES (101, NULL, 'NULL', NULL, '2016-Jan-05');
INSERT INTO Family (church_id,home_phone,family_address,address_id,attending_since) VALUES (100, NULL, '854 Gateway Way', 149, '2013-Feb-13');
INSERT INTO Family (church_id,home_phone,family_address,address_id,attending_since) VALUES (101, 8151794993, '723 Valley Edge Parkway', 112, '2007-Nov-03');
INSERT INTO Family (church_id,home_phone,family_address,address_id,attending_since) VALUES (100, NULL, '596 Elmside Center', 60, '2014-Jul-27');
INSERT INTO Family (church_id,home_phone,family_address,address_id,attending_since) VALUES (101, NULL, '4 Miller Hill', 142, '2013-Oct-03');
INSERT INTO Family (church_id,home_phone,family_address,address_id,attending_since) VALUES (100, NULL, '190 Ilene Junction', 24, '2012-Nov-22');
INSERT INTO Family (church_id,home_phone,family_address,address_id,attending_since) VALUES (101, 9922230529, '706 Basil Avenue', 15, '2011-Jun-19');
INSERT INTO Family (church_id,home_phone,family_address,address_id,attending_since) VALUES (100, 1779623019, '4296 Northwestern Parkway', 128, '2012-Mar-04');
INSERT INTO Family (church_id,home_phone,family_address,address_id,attending_since) VALUES (100, NULL, '281 Oneill Hill', 127, '2011-Oct-07');
INSERT INTO Family (church_id,home_phone,family_address,address_id,attending_since) VALUES (100, 8065132384, 'NULL', NULL, '2013-Aug-05');
INSERT INTO Family (church_id,home_phone,family_address,address_id,attending_since) VALUES (100, NULL, 'NULL', NULL, '2008-Jan-26');
INSERT INTO Family (church_id,home_phone,family_address,address_id,attending_since) VALUES (100, 5412442916, '49 Springs Trail', 22, '2008-Feb-16');
INSERT INTO Family (church_id,home_phone,family_address,address_id,attending_since) VALUES (102, 2126554720, '139 Eastlawn Terrace', 10, '2012-Mar-19');
INSERT INTO Family (church_id,home_phone,family_address,address_id,attending_since) VALUES (100, 9505950017, '9724 Bunting Park', 99, '2016-Dec-25');
INSERT INTO Family (church_id,home_phone,family_address,address_id,attending_since) VALUES (102, NULL, '522 Banding Terrace', 175, '2008-Mar-13');
INSERT INTO Family (church_id,home_phone,family_address,address_id,attending_since) VALUES (101, 8011884758, '3 Hanson Lane', 7, '2019-Nov-13');
INSERT INTO Family (church_id,home_phone,family_address,address_id,attending_since) VALUES (102, 3099798816, '79 Manufacturers Park', 23, '2019-Aug-09');
INSERT INTO Family (church_id,home_phone,family_address,address_id,attending_since) VALUES (102, NULL, '94 Old Shore Avenue', 30, '2009-Feb-20');
INSERT INTO Family (church_id,home_phone,family_address,address_id,attending_since) VALUES (100, NULL, '1 Barnett Circle', 20, '2013-Sep-16');
INSERT INTO Family (church_id,home_phone,family_address,address_id,attending_since) VALUES (100, NULL, '74630 Mcguire Court', 90, '2010-Aug-14');
INSERT INTO Family (church_id,home_phone,family_address,address_id,attending_since) VALUES (102, 2711315543, '2277 Brickson Park Park', 176, '2018-Mar-25');
INSERT INTO Family (church_id,home_phone,family_address,address_id,attending_since) VALUES (100, 3825181410, '7 Ridge Oak Court', 171, '2007-Jun-26');
INSERT INTO Family (church_id,home_phone,family_address,address_id,attending_since) VALUES (102, 2258266487, 'NULL', NULL, '2009-May-23');
INSERT INTO Family (church_id,home_phone,family_address,address_id,attending_since) VALUES (101, NULL, '6 Arkansas Hill', 154, '2008-Nov-22');
INSERT INTO Family (church_id,home_phone,family_address,address_id,attending_since) VALUES (102, NULL, '496 Evergreen Parkway', 162, '2010-Nov-26');
INSERT INTO Family (church_id,home_phone,family_address,address_id,attending_since) VALUES (100, 8838064949, 'NULL', NULL, '2007-Feb-05');
INSERT INTO Family (church_id,home_phone,family_address,address_id,attending_since) VALUES (102, NULL, '2 Sachtjen Circle', 129, '2011-Jan-13');
INSERT INTO Family (church_id,home_phone,family_address,address_id,attending_since) VALUES (102, NULL, '86172 Fieldstone Avenue', 39, '2018-Jun-24');
INSERT INTO Family (church_id,home_phone,family_address,address_id,attending_since) VALUES (101, 9409738342, '2 Westport Pass', 87, '2011-Feb-12');
INSERT INTO Family (church_id,home_phone,family_address,address_id,attending_since) VALUES (100, 5556873849, '92 Comanche Crossing', 138, '2008-Dec-06');
INSERT INTO Family (church_id,home_phone,family_address,address_id,attending_since) VALUES (101, 4012195867, '7 Rowland Junction', 170, '2008-Jul-23');
INSERT INTO Family (church_id,home_phone,family_address,address_id,attending_since) VALUES (101, 8489446086, '6 Warrior Lane', 151, '2018-Jan-03');
INSERT INTO Family (church_id,home_phone,family_address,address_id,attending_since) VALUES (101, 5054628184, 'NULL', NULL, '2012-Dec-05');
INSERT INTO Family (church_id,home_phone,family_address,address_id,attending_since) VALUES (101, NULL, '140 Crownhardt Hill', 143, '2014-Oct-12');
INSERT INTO Family (church_id,home_phone,family_address,address_id,attending_since) VALUES (100, NULL, '004 Fairview Trail', 95, '2011-Apr-01');
INSERT INTO Family (church_id,home_phone,family_address,address_id,attending_since) VALUES (100, NULL, '1244 Columbus Point', 157, '2014-Mar-14');
INSERT INTO Family (church_id,home_phone,family_address,address_id,attending_since) VALUES (100, NULL, '655 Thackeray Circle', 123, '2018-Apr-10');
INSERT INTO Family (church_id,home_phone,family_address,address_id,attending_since) VALUES (100, NULL, '3 Emmet Circle', 11, '2008-Mar-18');
INSERT INTO Family (church_id,home_phone,family_address,address_id,attending_since) VALUES (100, NULL, 'NULL', NULL, '2008-Jul-26');
INSERT INTO Family (church_id,home_phone,family_address,address_id,attending_since) VALUES (101, 3191973632, '25 Mariners Cove Pass', 130, '2009-Aug-22');
INSERT INTO Family (church_id,home_phone,family_address,address_id,attending_since) VALUES (100, NULL, 'NULL', NULL, '2013-Aug-15');
INSERT INTO Family (church_id,home_phone,family_address,address_id,attending_since) VALUES (100, NULL, '8 Bartillon Avenue', 144, '2012-Jun-18');
INSERT INTO Family (church_id,home_phone,family_address,address_id,attending_since) VALUES (100, NULL, '4 Everett Way', 81, '2007-Dec-22');
INSERT INTO Family (church_id,home_phone,family_address,address_id,attending_since) VALUES (101, NULL, '53 Fremont Crossing', 64, '2014-Sep-01');
INSERT INTO Family (church_id,home_phone,family_address,address_id,attending_since) VALUES (100, 9781523056, '6947 Ryan Center', 36, '2010-Nov-23');
INSERT INTO Family (church_id,home_phone,family_address,address_id,attending_since) VALUES (100, 1794399619, '72484 Shelley Circle', 119, '2016-Jun-14');
INSERT INTO Family (church_id,home_phone,family_address,address_id,attending_since) VALUES (100, NULL, '2 Golf View Trail', 48, '2017-Jan-25');
INSERT INTO Family (church_id,home_phone,family_address,address_id,attending_since) VALUES (102, NULL, '07788 Sycamore Pass', 110, '2015-Dec-01');
INSERT INTO Family (church_id,home_phone,family_address,address_id,attending_since) VALUES (100, 8104640854, '5657 Artisan Street', 133, '2013-Aug-18');
INSERT INTO Family (church_id,home_phone,family_address,address_id,attending_since) VALUES (102, NULL, 'NULL', NULL, '2013-Mar-10');
INSERT INTO Family (church_id,home_phone,family_address,address_id,attending_since) VALUES (101, NULL, 'NULL', NULL, '2014-Aug-17');
INSERT INTO Family (church_id,home_phone,family_address,address_id,attending_since) VALUES (101, NULL, '83 Center Court', 151, '2018-Oct-19');
INSERT INTO Family (church_id,home_phone,family_address,address_id,attending_since) VALUES (101, NULL, '2088 Canary Road', 78, '2016-Oct-15');
INSERT INTO Family (church_id,home_phone,family_address,address_id,attending_since) VALUES (100, NULL, '8 Mayer Avenue', 49, '2006-Dec-13');
INSERT INTO Family (church_id,home_phone,family_address,address_id,attending_since) VALUES (100, 6739953296, 'NULL', NULL, '2018-Oct-01');
INSERT INTO Family (church_id,home_phone,family_address,address_id,attending_since) VALUES (101, 8854156451, '556 Dwight Road', 98, '2008-Nov-04');
INSERT INTO Family (church_id,home_phone,family_address,address_id,attending_since) VALUES (101, NULL, 'NULL', NULL, '2014-Jul-16');
INSERT INTO Family (church_id,home_phone,family_address,address_id,attending_since) VALUES (101, NULL, '2233 Thompson Way', 121, '2015-Jan-17');
INSERT INTO Family (church_id,home_phone,family_address,address_id,attending_since) VALUES (101, 3715911358, '61 Morning Park', 23, '2012-Nov-30');
INSERT INTO Family (church_id,home_phone,family_address,address_id,attending_since) VALUES (102, 8633340601, '30471 Sycamore Trail', 103, '2007-Apr-12');
INSERT INTO Family (church_id,home_phone,family_address,address_id,attending_since) VALUES (100, NULL, '9 Center Pass', 54, '2010-Jul-07');
INSERT INTO Family (church_id,home_phone,family_address,address_id,attending_since) VALUES (102, 1053728902, '564 Hazelcrest Park', 177, '2017-Jul-15');
INSERT INTO Family (church_id,home_phone,family_address,address_id,attending_since) VALUES (102, NULL, '3 Mayer Plaza', 169, '2010-Feb-14');
INSERT INTO Family (church_id,home_phone,family_address,address_id,attending_since) VALUES (102, NULL, '22 Bashford Alley', 28, '2018-Jul-18');
INSERT INTO Family (church_id,home_phone,family_address,address_id,attending_since) VALUES (101, 9521884024, '9246 Hermina Crossing', 97, '2013-Mar-21');
INSERT INTO Family (church_id,home_phone,family_address,address_id,attending_since) VALUES (100, 6623179284, '4 Crescent Oaks Drive', 141, '2006-Sep-10');
INSERT INTO Family (church_id,home_phone,family_address,address_id,attending_since) VALUES (101, NULL, '3579 Ridge Oak Point', 100, '2016-Apr-12');
INSERT INTO Family (church_id,home_phone,family_address,address_id,attending_since) VALUES (102, NULL, '97747 Shasta Park', 113, '2007-Feb-10');
INSERT INTO Family (church_id,home_phone,family_address,address_id,attending_since) VALUES (101, 6056622826, 'NULL', NULL, '2007-Jun-02');
INSERT INTO Family (church_id,home_phone,family_address,address_id,attending_since) VALUES (102, 2571718201, 'NULL', NULL, '2018-Jul-03');
INSERT INTO Family (church_id,home_phone,family_address,address_id,attending_since) VALUES (101, NULL, 'NULL', NULL, '2006-Nov-28');
INSERT INTO Family (church_id,home_phone,family_address,address_id,attending_since) VALUES (102, NULL, '9 Meadow Valley Park', 106, '2011-Aug-14');
INSERT INTO Family (church_id,home_phone,family_address,address_id,attending_since) VALUES (100, 6595678878, '2 Nelson Pass', 172, '2008-Feb-18');
INSERT INTO Family (church_id,home_phone,family_address,address_id,attending_since) VALUES (100, NULL, '454 Red Cloud Hill', 1, '2017-Apr-09');
INSERT INTO Family (church_id,home_phone,family_address,address_id,attending_since) VALUES (100, NULL, 'NULL', NULL, '2014-Oct-01');
INSERT INTO Family (church_id,home_phone,family_address,address_id,attending_since) VALUES (102, 3562227333, '22703 Old Gate Hill', 55, '2014-Feb-28');
INSERT INTO Family (church_id,home_phone,family_address,address_id,attending_since) VALUES (100, 8175304636, '8919 Gulseth Alley', 109, '2007-Mar-30');
INSERT INTO Family (church_id,home_phone,family_address,address_id,attending_since) VALUES (101, NULL, '6316 Reindahl Point', 178, '2015-Aug-24');
INSERT INTO Family (church_id,home_phone,family_address,address_id,attending_since) VALUES (102, 7715448034, '03918 Steensland Pass', 39, '2009-Sep-03');
INSERT INTO Family (church_id,home_phone,family_address,address_id,attending_since) VALUES (101, NULL, '2 Loftsgordon Point', 29, '2012-Jun-25');
INSERT INTO Family (church_id,home_phone,family_address,address_id,attending_since) VALUES (101, 4047662868, 'NULL', NULL, '2018-Feb-15');
INSERT INTO Family (church_id,home_phone,family_address,address_id,attending_since) VALUES (101, NULL, '628 Rigney Circle', 76, '2012-Jul-14');
INSERT INTO Family (church_id,home_phone,family_address,address_id,attending_since) VALUES (100, 6061759355, '2498 Mariners Cove Center', 166, '2008-Nov-28');
INSERT INTO Family (church_id,home_phone,family_address,address_id,attending_since) VALUES (101, 8562814023, '20674 Bayside Crossing', 18, '2015-Feb-08');
INSERT INTO Family (church_id,home_phone,family_address,address_id,attending_since) VALUES (102, NULL, 'NULL', NULL, '2011-Jan-05');
INSERT INTO Family (church_id,home_phone,family_address,address_id,attending_since) VALUES (100, NULL, '66 Thierer Drive', 59, '2010-Sep-19');
INSERT INTO Family (church_id,home_phone,family_address,address_id,attending_since) VALUES (102, NULL, '8 Rowland Road', 88, '2010-Nov-25');
INSERT INTO Family (church_id,home_phone,family_address,address_id,attending_since) VALUES (100, NULL, 'NULL', NULL, '2014-Oct-29');
INSERT INTO Family (church_id,home_phone,family_address,address_id,attending_since) VALUES (102, NULL, '79776 Morning Avenue', 58, '2009-Jun-24');
INSERT INTO Family (church_id,home_phone,family_address,address_id,attending_since) VALUES (102, 9558020520, 'NULL', NULL, '2016-Nov-11');
INSERT INTO Family (church_id,home_phone,family_address,address_id,attending_since) VALUES (102, NULL, '080 Eggendart Pass', 22, '2007-Jul-07');
INSERT INTO Family (church_id,home_phone,family_address,address_id,attending_since) VALUES (101, NULL, '472 Loomis Junction', 32, '2017-Oct-06');
INSERT INTO Family (church_id,home_phone,family_address,address_id,attending_since) VALUES (100, NULL, '2937 Menomonie Street', 10, '2008-Jun-07');
INSERT INTO Family (church_id,home_phone,family_address,address_id,attending_since) VALUES (100, NULL, '51315 Shopko Lane', 126, '2019-Jun-09');
INSERT INTO Family (church_id,home_phone,family_address,address_id,attending_since) VALUES (100, 4068604210, '1 Crownhardt Terrace', 107, '2015-Oct-16');
INSERT INTO Family (church_id,home_phone,family_address,address_id,attending_since) VALUES (100, NULL, '942 Atwood Court', 180, '2014-Apr-02');
INSERT INTO Family (church_id,home_phone,family_address,address_id,attending_since) VALUES (100, NULL, '19 Duke Pass', 130, '2019-Feb-10');
INSERT INTO Family (church_id,home_phone,family_address,address_id,attending_since) VALUES (101, NULL, '65 Gulseth Court', 107, '2006-Dec-28');
INSERT INTO Family (church_id,home_phone,family_address,address_id,attending_since) VALUES (102, NULL, 'NULL', NULL, '2020-Jan-17');
INSERT INTO Family (church_id,home_phone,family_address,address_id,attending_since) VALUES (102, NULL, '6689 Mayer Trail', 140, '2019-Apr-19');
INSERT INTO Family (church_id,home_phone,family_address,address_id,attending_since) VALUES (102, NULL, '7315 Loomis Drive', 71, '2011-Aug-05');
INSERT INTO Family (church_id,home_phone,family_address,address_id,attending_since) VALUES (102, NULL, '0007 Blaine Place', 68, '2013-Sep-19');
INSERT INTO Family (church_id,home_phone,family_address,address_id,attending_since) VALUES (102, NULL, 'NULL', NULL, '2016-Aug-26');
INSERT INTO Family (church_id,home_phone,family_address,address_id,attending_since) VALUES (100, NULL, '4826 Doe Crossing Street', 105, '2019-Feb-10');
INSERT INTO Family (church_id,home_phone,family_address,address_id,attending_since) VALUES (101, 5712665843, '8776 Sunnyside Plaza', 112, '2008-Jan-12');
INSERT INTO Family (church_id,home_phone,family_address,address_id,attending_since) VALUES (100, NULL, '14873 Derek Place', 6, '2009-Jan-03');
INSERT INTO Family (church_id,home_phone,family_address,address_id,attending_since) VALUES (102, NULL, '08 Monument Street', 26, '2010-Jan-08');
INSERT INTO Family (church_id,home_phone,family_address,address_id,attending_since) VALUES (101, NULL, '8 Autumn Leaf Lane', 155, '2019-Jan-15');
INSERT INTO Family (church_id,home_phone,family_address,address_id,attending_since) VALUES (102, NULL, '62 Paget Terrace', 122, '2015-Jul-13');
INSERT INTO Family (church_id,home_phone,family_address,address_id,attending_since) VALUES (102, 8727637504, '619 Jackson Street', 92, '2015-Sep-25');
INSERT INTO Family (church_id,home_phone,family_address,address_id,attending_since) VALUES (100, NULL, '89574 Mayer Way', 138, '2006-Jul-02');
INSERT INTO Family (church_id,home_phone,family_address,address_id,attending_since) VALUES (102, 6194863351, '1426 Garrison Crossing', 127, '2010-May-13');
INSERT INTO Family (church_id,home_phone,family_address,address_id,attending_since) VALUES (100, NULL, 'NULL', NULL, '2016-Sep-13');
INSERT INTO Family (church_id,home_phone,family_address,address_id,attending_since) VALUES (100, NULL, 'NULL', NULL, '2020-Feb-27');
INSERT INTO Family (church_id,home_phone,family_address,address_id,attending_since) VALUES (100, 5387333619, 'NULL', NULL, '2010-Jul-23');
INSERT INTO Family (church_id,home_phone,family_address,address_id,attending_since) VALUES (100, NULL, '09 Main Pass', 80, '2009-Mar-17');
INSERT INTO Family (church_id,home_phone,family_address,address_id,attending_since) VALUES (100, NULL, 'NULL', NULL, '2007-Apr-09');
INSERT INTO Family (church_id,home_phone,family_address,address_id,attending_since) VALUES (100, NULL, '589 Golf View Avenue', 94, '2008-May-26');
INSERT INTO Family (church_id,home_phone,family_address,address_id,attending_since) VALUES (102, NULL, '75835 Declaration Avenue', 30, '2013-May-27');
INSERT INTO Family (church_id,home_phone,family_address,address_id,attending_since) VALUES (101, NULL, '620 Gina Lane', 20, '2016-Apr-16');
INSERT INTO Family (church_id,home_phone,family_address,address_id,attending_since) VALUES (100, 2527799643, '05 Hauk Avenue', 48, '2013-Nov-12');
INSERT INTO Family (church_id,home_phone,family_address,address_id,attending_since) VALUES (100, NULL, 'NULL', NULL, '2019-Aug-09');
INSERT INTO Family (church_id,home_phone,family_address,address_id,attending_since) VALUES (101, NULL, '1784 7th Street', 148, '2007-Aug-13');
INSERT INTO Family (church_id,home_phone,family_address,address_id,attending_since) VALUES (101, 1638858880, '1 Center Alley', 25, '2009-Mar-27');
INSERT INTO Family (church_id,home_phone,family_address,address_id,attending_since) VALUES (100, NULL, '84 Lyons Center', 84, '2016-Aug-23');
INSERT INTO Family (church_id,home_phone,family_address,address_id,attending_since) VALUES (100, 9126830068, 'NULL', NULL, '2008-Sep-25');
INSERT INTO Family (church_id,home_phone,family_address,address_id,attending_since) VALUES (100, 3622420296, '86936 Tomscot Circle', 153, '2015-Mar-28');
INSERT INTO Family (church_id,home_phone,family_address,address_id,attending_since) VALUES (102, NULL, '3892 Springs Drive', 169, '2011-Sep-18');
INSERT INTO Family (church_id,home_phone,family_address,address_id,attending_since) VALUES (102, NULL, '40393 Del Sol Junction', 36, '2007-Jul-23');
INSERT INTO Family (church_id,home_phone,family_address,address_id,attending_since) VALUES (102, NULL, '81 Monica Court', 158, '2010-Sep-23');
INSERT INTO Family (church_id,home_phone,family_address,address_id,attending_since) VALUES (100, 4533387763, '09 Crescent Oaks Junction', 131, '2019-Jan-04');
INSERT INTO Family (church_id,home_phone,family_address,address_id,attending_since) VALUES (100, 4686228073, '00533 Reinke Trail', 173, '2009-Sep-26');
INSERT INTO Family (church_id,home_phone,family_address,address_id,attending_since) VALUES (101, NULL, '1552 Loftsgordon Court', 152, '2013-Mar-06');
INSERT INTO Family (church_id,home_phone,family_address,address_id,attending_since) VALUES (101, 6137802332, '4293 Veith Junction', 88, '2019-May-30');
INSERT INTO Family (church_id,home_phone,family_address,address_id,attending_since) VALUES (100, NULL, 'NULL', NULL, '2006-Oct-16');
INSERT INTO Family (church_id,home_phone,family_address,address_id,attending_since) VALUES (102, NULL, '75 Dahle Lane', 130, '2012-Mar-27');
INSERT INTO Family (church_id,home_phone,family_address,address_id,attending_since) VALUES (101, NULL, '555 Brentwood Hill', 164, '2019-Nov-15');
INSERT INTO Family (church_id,home_phone,family_address,address_id,attending_since) VALUES (102, NULL, 'NULL', NULL, '2013-Apr-19');
INSERT INTO Family (church_id,home_phone,family_address,address_id,attending_since) VALUES (101, NULL, '253 Homewood Court', 51, '2010-Dec-14');
INSERT INTO Family (church_id,home_phone,family_address,address_id,attending_since) VALUES (102, 5255215869, '2509 Granby Point', 79, '2019-Sep-16');
INSERT INTO Family (church_id,home_phone,family_address,address_id,attending_since) VALUES (102, NULL, 'NULL', NULL, '2017-Dec-31');
INSERT INTO Family (church_id,home_phone,family_address,address_id,attending_since) VALUES (102, NULL, '2 Arkansas Lane', 46, '2011-Nov-06');
INSERT INTO Family (church_id,home_phone,family_address,address_id,attending_since) VALUES (102, 8253632039, '2216 Parkside Trail', 132, '2007-Dec-03');
INSERT INTO Family (church_id,home_phone,family_address,address_id,attending_since) VALUES (100, NULL, '28589 Forest Dale Court', 72, '2012-Jun-17');
INSERT INTO Family (church_id,home_phone,family_address,address_id,attending_since) VALUES (101, 8098159279, 'NULL', NULL, '2015-Dec-14');
INSERT INTO Family (church_id,home_phone,family_address,address_id,attending_since) VALUES (100, NULL, '1887 Russell Parkway', 81, '2016-Feb-13');
INSERT INTO Family (church_id,home_phone,family_address,address_id,attending_since) VALUES (100, NULL, '74 International Pass', 140, '2014-Mar-28');
INSERT INTO Family (church_id,home_phone,family_address,address_id,attending_since) VALUES (101, 7336196454, '9857 Aberg Way', 74, '2019-Nov-11');
INSERT INTO Family (church_id,home_phone,family_address,address_id,attending_since) VALUES (100, 9315385356, '84 Eliot Point', 63, '2020-Jan-07');
INSERT INTO Family (church_id,home_phone,family_address,address_id,attending_since) VALUES (102, 5409402054, 'NULL', NULL, '2013-Dec-22');
INSERT INTO Family (church_id,home_phone,family_address,address_id,attending_since) VALUES (100, 6068801021, 'NULL', NULL, '2017-Jan-13');
INSERT INTO Family (church_id,home_phone,family_address,address_id,attending_since) VALUES (102, NULL, '4 Butterfield Plaza', 16, '2019-Jun-21');
INSERT INTO Family (church_id,home_phone,family_address,address_id,attending_since) VALUES (100, 6265495956, '9782 Dakota Point', 119, '2012-Nov-30');
INSERT INTO Family (church_id,home_phone,family_address,address_id,attending_since) VALUES (100, NULL, '02 Eagan Center', 50, '2013-Aug-20');
INSERT INTO Family (church_id,home_phone,family_address,address_id,attending_since) VALUES (102, NULL, '7 Ruskin Street', 181, '2010-Nov-04');
INSERT INTO Family (church_id,home_phone,family_address,address_id,attending_since) VALUES (100, 5435235776, '902 Steensland Park', 164, '2008-Aug-25');
INSERT INTO Family (church_id,home_phone,family_address,address_id,attending_since) VALUES (101, NULL, '3204 Melby Park', 139, '2007-Aug-29');
INSERT INTO Family (church_id,home_phone,family_address,address_id,attending_since) VALUES (102, NULL, '0 Burning Wood Trail', 10, '2009-Mar-27');
INSERT INTO Family (church_id,home_phone,family_address,address_id,attending_since) VALUES (101, NULL, '0 Raven Way', 181, '2017-Dec-07');
INSERT INTO Family (church_id,home_phone,family_address,address_id,attending_since) VALUES (102, NULL, 'NULL', NULL, '2013-Oct-02');
INSERT INTO Family (church_id,home_phone,family_address,address_id,attending_since) VALUES (100, 9094050317, '78 Pawling Alley', 132, '2015-Jun-18');
INSERT INTO Family (church_id,home_phone,family_address,address_id,attending_since) VALUES (100, NULL, '38 Carioca Parkway', 13, '2016-May-04');
INSERT INTO Family (church_id,home_phone,family_address,address_id,attending_since) VALUES (101, NULL, '71 Debs Junction', 81, '2016-Jul-12');
INSERT INTO Family (church_id,home_phone,family_address,address_id,attending_since) VALUES (101, NULL, '6797 Kenwood Parkway', 86, '2011-Jan-14');
INSERT INTO Family (church_id,home_phone,family_address,address_id,attending_since) VALUES (101, NULL, '0314 Anthes Avenue', 158, '2014-Sep-14');
INSERT INTO Family (church_id,home_phone,family_address,address_id,attending_since) VALUES (100, NULL, '7243 Bunker Hill Pass', 167, '2019-Jun-09');
INSERT INTO Family (church_id,home_phone,family_address,address_id,attending_since) VALUES (102, 5467564865, '2668 Mccormick Lane', 41, '2007-Dec-10');
INSERT INTO Family (church_id,home_phone,family_address,address_id,attending_since) VALUES (100, NULL, '4 Manufacturers Junction', 72, '2007-Jan-10');
INSERT INTO Family (church_id,home_phone,family_address,address_id,attending_since) VALUES (102, NULL, '48284 Corry Terrace', 68, '2010-Feb-23');
INSERT INTO Family (church_id,home_phone,family_address,address_id,attending_since) VALUES (102, NULL, '73281 Westport Plaza', 56, '2017-May-26');
INSERT INTO Family (church_id,home_phone,family_address,address_id,attending_since) VALUES (100, 3645373653, '44106 Mitchell Hill', 150, '2010-Jan-12');
INSERT INTO Family (church_id,home_phone,family_address,address_id,attending_since) VALUES (102, 7118382736, 'NULL', NULL, '2011-May-09');
INSERT INTO Family (church_id,home_phone,family_address,address_id,attending_since) VALUES (102, 6253570173, '4 Elgar Pass', 133, '2011-May-26');
INSERT INTO Family (church_id,home_phone,family_address,address_id,attending_since) VALUES (100, NULL, '52 Barby Plaza', 57, '2014-May-19');
INSERT INTO Family (church_id,home_phone,family_address,address_id,attending_since) VALUES (102, NULL, '05 Golf Point', 11, '2018-Oct-10');
INSERT INTO Family (church_id,home_phone,family_address,address_id,attending_since) VALUES (100, 6569241022, '7 Dennis Alley', 166, '2011-Sep-29');
INSERT INTO Family (church_id,home_phone,family_address,address_id,attending_since) VALUES (101, 5892115020, '5 Lyons Hill', 125, '2018-Nov-05');
INSERT INTO Family (church_id,home_phone,family_address,address_id,attending_since) VALUES (101, NULL, '6 Corry Terrace', 101, '2017-Mar-30');
INSERT INTO Family (church_id,home_phone,family_address,address_id,attending_since) VALUES (102, NULL, 'NULL', NULL, '2013-Nov-28');
INSERT INTO Family (church_id,home_phone,family_address,address_id,attending_since) VALUES (102, NULL, '131 Hudson Drive', 43, '2014-May-23');
INSERT INTO Family (church_id,home_phone,family_address,address_id,attending_since) VALUES (101, NULL, 'NULL', NULL, '2017-Feb-15');
INSERT INTO Family (church_id,home_phone,family_address,address_id,attending_since) VALUES (101, NULL, '244 Amoth Lane', 96, '2015-Feb-01');
INSERT INTO Family (church_id,home_phone,family_address,address_id,attending_since) VALUES (100, NULL, '2114 Dahle Street', 65, '2017-Feb-24');
INSERT INTO Family (church_id,home_phone,family_address,address_id,attending_since) VALUES (100, 9132274871, '2 5th Trail', 160, '2014-Nov-16');
INSERT INTO Family (church_id,home_phone,family_address,address_id,attending_since) VALUES (100, NULL, '5 Menomonie Circle', 137, '2017-Jun-01');
INSERT INTO Family (church_id,home_phone,family_address,address_id,attending_since) VALUES (101, 2416507029, '31200 Stoughton Place', 9, '2010-Oct-05');
INSERT INTO Family (church_id,home_phone,family_address,address_id,attending_since) VALUES (100, NULL, 'NULL', NULL, '2010-Jan-08');
INSERT INTO Family (church_id,home_phone,family_address,address_id,attending_since) VALUES (100, 8517955700, '9 Gale Avenue', 68, '2007-Jun-07');
INSERT INTO Family (church_id,home_phone,family_address,address_id,attending_since) VALUES (102, 1963493230, 'NULL', NULL, '2010-Jul-10');
INSERT INTO Family (church_id,home_phone,family_address,address_id,attending_since) VALUES (100, NULL, 'NULL', NULL, '2017-Aug-16');
INSERT INTO Family (church_id,home_phone,family_address,address_id,attending_since) VALUES (101, NULL, '0785 Anniversary Court', 14, '2017-Sep-05');
INSERT INTO Family (church_id,home_phone,family_address,address_id,attending_since) VALUES (100, NULL, '184 Mifflin Alley', 90, '2015-Sep-26');
INSERT INTO Family (church_id,home_phone,family_address,address_id,attending_since) VALUES (100, NULL, 'NULL', NULL, '2014-Aug-29');
INSERT INTO Family (church_id,home_phone,family_address,address_id,attending_since) VALUES (102, 5207898664, '1897 Hermina Crossing', 167, '2009-Jan-21');
INSERT INTO Family (church_id,home_phone,family_address,address_id,attending_since) VALUES (102, 4448388199, '14 Spenser Crossing', 113, '2011-Jul-04');
INSERT INTO Family (church_id,home_phone,family_address,address_id,attending_since) VALUES (101, 6422339773, '229 Northland Way', 31, '2008-Feb-24');
INSERT INTO Family (church_id,home_phone,family_address,address_id,attending_since) VALUES (100, 2803158181, '3205 Arkansas Court', 98, '2006-Jul-30');
INSERT INTO Family (church_id,home_phone,family_address,address_id,attending_since) VALUES (102, 2798494040, '07 4th Court', 135, '2018-Mar-11');
INSERT INTO Family (church_id,home_phone,family_address,address_id,attending_since) VALUES (101, NULL, '15541 Shelley Road', 62, '2010-Jan-01');
INSERT INTO Family (church_id,home_phone,family_address,address_id,attending_since) VALUES (102, NULL, '6 Springs Terrace', 38, '2017-Nov-08');
INSERT INTO Family (church_id,home_phone,family_address,address_id,attending_since) VALUES (100, NULL, '66 Cordelia Junction', 80, '2011-Mar-04');
INSERT INTO Family (church_id,home_phone,family_address,address_id,attending_since) VALUES (100, 6228854140, '727 Pankratz Lane', 120, '2019-Apr-13');
INSERT INTO Family (church_id,home_phone,family_address,address_id,attending_since) VALUES (100, NULL, '47368 Sherman Parkway', 110, '2018-Jan-30');
INSERT INTO Family (church_id,home_phone,family_address,address_id,attending_since) VALUES (101, NULL, '2 Twin Pines Lane', 91, '2012-Jun-09');
INSERT INTO Family (church_id,home_phone,family_address,address_id,attending_since) VALUES (102, NULL, '8 Granby Park', 75, '2010-May-26');
INSERT INTO Family (church_id,home_phone,family_address,address_id,attending_since) VALUES (102, 2029267216, '23 Grim Alley', 96, '2006-Dec-25');


GO
